sku,country,tag
VV-VITA-314,DE,Top Seller
VV-VITA-314,ES,Top Seller
VV-VITA-314,FR,Top Seller
VV-VITA-314,GB,Top Seller
2R-49NC-R697,DE,Top Seller
2R-49NC-R697,GB,Top Seller
VV-VITA-370,IT,Top Seller
VV-VITA-370,ES,Top Seller
VV-VITA-370,FR,Top Seller
VV-VITA-90,DE,Top Seller
VV-VITA-90,FR,Top Seller
VV-VITA-90,GB,Top Seller
VV-VITA-127,DE,Top Seller
VV-VITA-127,ES,Top Seller
VV-VITA-127,FR,Top Seller
VV-VITA-127,GB,Top Seller
VV-VITA-101,IT,Top Seller
VV-VITA-101,FR,Top Seller
VV-VITA-101,GB,Top Seller
VV-VITA-276,IT,Top Seller
VV-VITA-276,ES,Top Seller
VV-VITA-276,GB,Top Seller
VV-VITA-364,IT,Top Seller
VV-VITA-243,DE,Top Seller
VV-VITA-243,ES,Top Seller
VV-VITA-231,DE,Top Seller
VV-VITA-231,IT,Top Seller
VV-VITA-231,ES,Top Seller
VV-VITA-231,FR,Top Seller
VV-VITA-230,FR,Top Seller
VV-VITA-230,GB,Top Seller
VV-VITA-355,IT,Top Seller
VV-VITA-355,ES,Top Seller
VV-VITA-355,FR,Top Seller
BJ-E223-8EKW,DE,Top Seller
BJ-E223-8EKW,ES,Top Seller
BJ-E223-8EKW,FR,Top Seller
BJ-E223-8EKW,GB,Top Seller
VV-VITA-266,DE,Top Seller
VV-VITA-266,IT,Top Seller
VV-VITA-266,ES,Top Seller
VV-VITA-266,FR,Top Seller
VV-VITA-266,GB,Top Seller
VV-VITA-203,DE,Top Seller
VV-VITA-203,IT,Top Seller
VV-VITA-203,ES,Top Seller
VV-VITA-320,DE,Top Seller
VV-VITA-320,IT,Top Seller
VV-VITA-222,DE,Top Seller
VV-VITA-222,FR,Top Seller
VV-VITA-237,DE,Top Seller
VV-VITA-248,DE,Top Seller
VV-VITA-248,ES,Top Seller
VV-VITA-248,GB,Top Seller
VV-VITA-339,FR,Top Seller
VV-VITA-159,IT,Top Seller
VV-VITA-151,DE,Top Seller
VV-VITA-151,IT,Top Seller
VV-VITA-151,FR,Top Seller
VV-VITA-208,DE,Top Seller
VV-VITA-208,GB,Top Seller
VV-VITA-286,ES,Top Seller
VV-VITA-286,FR,Top Seller
VV-VITA-119,ES,Top Seller
VV-VITA-119,GB,Top Seller
VV-VITA-311,IT,Top Seller
VV-VITA-310,GB,Top Seller
VV-VITA-216,FR,Top Seller
VV-VITA-216,GB,Top Seller
VV-VITA-39,IT,Top Seller
VV-VITA-39,ES,Top Seller
VV-VITA-256,GB,Top Seller
VV-VITA-257,DE,Top Seller
VV-VITA-257,GB,Top Seller
VV-VITA-250,GB,Top Seller
TU-QNYD-JRRX,ES,Top Seller
TU-QNYD-JRRX,FR,Top Seller
VV-VITA-354,IT,Top Seller
VV-VITA-198,IT,Top Seller
VV-VITA-329,IT,Top Seller
VV-VITA-171,ES,Top Seller
VV-VITA-389,DE,New Product
VV-VITA-389,IT,New Product
VV-VITA-389,ES,New Product
VV-VITA-389,FR,New Product
VV-VITA-389,GB,New Product
VV-VITA-376,FR,Top Seller
VV-VITA-326,DE,Top Seller
VV-VITA-207,DE,Top Seller
VV-VITA-391,DE,New Product
VV-VITA-391,IT,New Product
VV-VITA-391,ES,New Product
VV-VITA-391,FR,New Product
VV-VITA-391,GB,New Product
NX-CVPF-VCEZ,IT,Top Seller
CW-KVIN-V39Y,GB,Top Seller
VV-VITA-247,ES,Top Seller
VV-VITA-146,IT,Top Seller
VV-ALO-06,DE,Top Seller
VV-ALO-06,GB,Top Seller
VV-VITA-228,IT,Top Seller
VV-VITA-345,IT,Top Seller
VV-VITA-105,FR,Top Seller
VV-VITA-142,ES,Top Seller
VV-VITA-142,FR,Top Seller
VV-VITA-170,DE,Top Seller
VV-VITA-392,DE,New Product
VV-VITA-392,IT,New Product
VV-VITA-392,ES,New Product
VV-VITA-392,FR,New Product
VV-VITA-392,GB,New Product
VV-VITA-403,DE,New Product
VV-VITA-403,IT,New Product
VV-VITA-403,ES,New Product
VV-VITA-403,FR,New Product
VV-VITA-403,GB,New Product
VV-VITA-165,ES,Top Seller
VI-ZU99-SZ0B,ES,Top Seller
VV-VITA-395,DE,New Product
VV-VITA-395,IT,New Product
VV-VITA-395,ES,New Product
VV-VITA-395,FR,New Product
VV-VITA-395,GB,New Product
VV-VITA-225,FR,Top Seller
VV-VITA-407,DE,New Product
VV-VITA-407,IT,New Product
VV-VITA-407,ES,New Product
VV-VITA-407,FR,New Product
VV-VITA-407,GB,New Product
VV-VITA-406,DE,New Product
VV-VITA-406,IT,New Product
VV-VITA-406,ES,New Product
VV-VITA-406,FR,New Product
VV-VITA-406,GB,New Product
VV-VITA-353,GB,Top Seller
VV-VITA-385,DE,New Product
VV-VITA-385,IT,New Product
VV-VITA-385,ES,New Product
VV-VITA-385,FR,New Product
VV-VITA-385,GB,New Product
VV-VITA-402,DE,New Product
VV-VITA-402,IT,New Product
VV-VITA-402,ES,New Product
VV-VITA-402,FR,New Product
VV-VITA-402,GB,New Product
VV-VITA-394,DE,New Product
VV-VITA-394,IT,New Product
VV-VITA-394,ES,New Product
VV-VITA-394,FR,New Product
VV-VITA-394,GB,New Product
VV-VITA-390,DE,New Product
VV-VITA-390,IT,New Product
VV-VITA-390,ES,New Product
VV-VITA-390,FR,New Product
VV-VITA-390,GB,New Product
VV-VITA-408,DE,New Product
VV-VITA-408,IT,New Product
VV-VITA-408,ES,New Product
VV-VITA-408,FR,New Product
VV-VITA-408,GB,New Product
VV-VITA-383,DE,New Product
VV-VITA-383,IT,New Product
VV-VITA-383,ES,New Product
VV-VITA-383,FR,New Product
VV-VITA-383,GB,New Product
VV-VITA-401,DE,New Product
VV-VITA-401,IT,New Product
VV-VITA-401,ES,New Product
VV-VITA-401,FR,New Product
VV-VITA-401,GB,New Product
VV-VITA-375,DE,New Product
VV-VITA-375,IT,New Product
VV-VITA-375,ES,New Product
VV-VITA-375,FR,New Product
VV-VITA-375,GB,New Product
VV-VITA-405,DE,New Product
VV-VITA-405,IT,New Product
VV-VITA-405,ES,New Product
VV-VITA-405,FR,New Product
VV-VITA-405,GB,New Product
VV-VITA-386,DE,New Product
VV-VITA-386,IT,New Product
VV-VITA-386,ES,New Product
VV-VITA-386,FR,New Product
VV-VITA-386,GB,New Product
VV-VITA-404,DE,New Product
VV-VITA-404,IT,New Product
VV-VITA-404,ES,New Product
VV-VITA-404,FR,New Product
VV-VITA-404,GB,New Product
VV-VITA-387,DE,New Product
VV-VITA-387,IT,New Product
VV-VITA-387,ES,New Product
VV-VITA-387,FR,New Product
VV-VITA-387,GB,New Product
VV-VITA-398,DE,New Product
VV-VITA-398,IT,New Product
VV-VITA-398,ES,New Product
VV-VITA-398,FR,New Product
VV-VITA-398,GB,New Product
VV-VITA-411,DE,New Product
VV-VITA-411,IT,New Product
VV-VITA-411,ES,New Product
VV-VITA-411,FR,New Product
VV-VITA-411,GB,New Product
VV-VITA-384,DE,New Product
VV-VITA-384,IT,New Product
VV-VITA-384,ES,New Product
VV-VITA-384,FR,New Product
VV-VITA-384,GB,New Product
VV-VITA-400,DE,New Product
VV-VITA-400,IT,New Product
VV-VITA-400,ES,New Product
VV-VITA-400,FR,New Product
VV-VITA-400,GB,New Product
VV-VITA-409,DE,New Product
VV-VITA-409,IT,New Product
VV-VITA-409,ES,New Product
VV-VITA-409,FR,New Product
VV-VITA-409,GB,New Product
VV-VITA-393,DE,New Product
VV-VITA-393,IT,New Product
VV-VITA-393,ES,New Product
VV-VITA-393,FR,New Product
VV-VITA-393,GB,New Product
VV-VITA-417,DE,New Product
VV-VITA-417,IT,New Product
VV-VITA-417,ES,New Product
VV-VITA-417,FR,New Product
VV-VITA-417,GB,New Product
VV-VITA-410,DE,New Product
VV-VITA-410,IT,New Product
VV-VITA-410,ES,New Product
VV-VITA-410,FR,New Product
VV-VITA-410,GB,New Product
VV-VITA-399,DE,New Product
VV-VITA-399,IT,New Product
VV-VITA-399,ES,New Product
VV-VITA-399,FR,New Product
VV-VITA-399,GB,New Product
VV-VITA-225,FR,Top Seller
